,,,,,
,Date,Text,Address,URL,Notes
header,"2025",,
gigs, "", "Elks Lodge", "San Rafael, CA", "October 8, 2025", "6pm-8pm",
gigs, "", "Corte Madera Oktoberfest", "Corte Madera, CA", "October 11, 2025", "3pm-5pm",
gigs, "https://www.bigrockmarin.com/live-music-calander", "Big Rock Deli, San Rafael", "San Rafael, CA", "October 12, 2025", "3pm-6pm",
gigs, "", "Youth & Arts Fundraiser", "San Rafael, CA", "October 24, 2025", "6pm-8pm",
gigs, "", "Simon's Birthday Bash", "San Rafael, CA", "October 25, 2025", "Private Event",
header,"2026",,
gigs, "https://www.bigrockmarin.com/live-music-calander", "Big Rock Deli, San Rafael", "San Rafael, CA", "March 27, 2026", "5pm-8pm",
gigs, "https://www.bigrockmarin.com/live-music-calander", "Big Rock Deli, San Rafael", "San Rafael, CA", "June 14, 2026", "3pm-6pm",
gigs, "https://www.bigrockmarin.com/live-music-calander", "Big Rock Deli, San Rafael", "San Rafael, CA", "July 26, 2026", "3pm-6pm",
gigs, "https://www.bigrockmarin.com/live-music-calander", "Big Rock Deli, San Rafael", "San Rafael, CA", "August 9, 2026", "3pm-6pm",
